{"cameraMode":{"drawMode":0,"name":"Shaded","section":"Shading Mode"},"sceneLighting":true,"audioPlay":false,"sceneViewState":{"m_AlwaysRefresh":false,"showFog":true,"showSkybox":true,"showFlares":true,"showImageEffects":true,"showParticleSystems":true,"showVisualEffectGraphs":true,"m_FxEnabled":true},"in2DMode":false,"pivot":{"x":359.62579345703127,"y":1367.695556640625,"z":-2067.339111328125},"rotation":{"x":0.24818412959575654,"y":0.005807793233543634,"z":-0.001487712375819683,"w":0.9686946272850037},"size":6.195924282073975,"orthographic":false}